{"oscillator1":{"volume":-12,"transpose":0,"detune":0,"type":"square"},"oscillator2":{"volume":-12,"transpose":0,"detune":-2.857142857142857,"type":"square"},"oscillator3":{"volume":-25.714285714285708,"transpose":0,"detune":7.142857142857143,"type":"square"},"oscillatorSpread":0,"amp":{"envelope":{"attack":13.999999999999858,"decay":1000,"sustain":1,"release":275.1552795031054},"modulationAmount":0,"modulationRate":4},"filter":{"envelope":{"attack":69.56521739130434,"decay":684.7826086956522,"sustain":0.12500000000000017,"release":628.5714285714286},"envelopeAmount":0.12857142857142848,"frequency":20.000000000000004,"q":3.4999999999999987,"type":"lowpass","modulationAmount":0.04903061224489794,"modulationRate":7.2249999999999845},"pitch":{"modulationAmount":0,"modulationRate":8},"noise":{"type":"pink","volume":-21.857142857142875},"volume":0}